Referencia,Categoria,Nombre,Eslabon_o_Piedra,Largo_cm,Grosor_mm,Peso_g,Precio_COP,Estado,Imagen
"Ref. AN-01","Anillos con esmeralda","Anillo esmeralda ovalada","Esmeralda","-","-","-","Por consultar","Disponible","/fotos/anillos/anillo-ovalado.jpg"
"Ref. AN-02","Anillos con esmeralda","Anillo gota","Esmeralda","-","-","-","Por consultar","Disponible","/fotos/anillos/anillo-gota.jpg"
"Ref. AN-03","Anillos con esmeralda","Anillo remolino","Esmeralda","-","-","-","Por consultar","Disponible","/fotos/anillos/anillo-remolino.jpg"
"Ref. AN-04","Anillos con esmeralda","Anillo órbita","Esmeralda","-","-","-","Por consultar","Disponible","/fotos/anillos/anillo-halo.jpg"
"Ref. AN-05","Anillos con esmeralda","Anillo halo redondo","Esmeralda","-","-","-","Por consultar","Disponible","/fotos/anillos/anillo-ref-01.jpg"
"Ref. AN-06","Anillos con esmeralda","Anillo corazón","Esmeralda","-","-","-","Por consultar","Disponible","/fotos/anillos/anillo-ref-02.jpg"
"Ref. AN-07","Anillos con esmeralda","Anillo margarita","Esmeralda","-","-","-","Por consultar","Disponible","/fotos/anillos/anillo-ref-03.jpg"
"Ref. AN-08","Anillos con esmeralda","Anillo aro abierto","Esmeralda","-","-","-","Por consultar","Disponible","/fotos/anillos/anillo-ref-04.jpg"
"Ref. AN-09","Anillos con esmeralda","Anillo estrella","Esmeralda","-","-","-","Por consultar","Disponible","/fotos/anillos/anillo-ref-05.jpg"
"Ref. AN-10","Anillos con esmeralda","Anillo halo con lazo","Esmeralda","-","-","-","Por consultar","Disponible","/fotos/anillos/anillo-ref-06.jpg"
"Ref. AN-11","Anillos con esmeralda","Anillo dos piedras","Esmeralda","-","-","-","Por consultar","Disponible","/fotos/anillos/anillo-ref-07.jpg"
"Ref. AN-12","Anillos con esmeralda","Anillo trenzado","Esmeralda","-","-","-","Por consultar","Disponible","/fotos/anillos/anillo-ref-08.jpg"
"Ref. AN-13","Anillos con esmeralda","Anillo Aura plata 925, talla 6,5","Esmeralda natural","-","-","-","Por consultar","Disponible","/fotos/anillos/anillo-aura-plata-t6-5.jpg"
"Ref. AN-14","Anillos con esmeralda","Anillo Aura plata 925, talla 7,5","Esmeralda natural","-","-","-","Por consultar","Disponible","/fotos/anillos/anillo-aura-plata-t7-5.jpg"
"Ref. AN-15","Anillos con esmeralda","Anillo Encantado plata 925, talla 7","Esmeralda natural","-","-","-","Por consultar","Disponible","/fotos/anillos/anillo-encantado-plata-t7.jpg"
"Ref. AN-16","Anillos con esmeralda","Anillo Radiante plata 925, talla 5,5","Esmeralda natural","-","-","-","Por consultar","Disponible","/fotos/anillos/anillo-radiante-plata-t5-5.jpg"
"Ref. AN-17","Anillos con esmeralda","Anillo 8 pétalos plata 925, talla 5","Esmeralda natural","-","-","-","Por consultar","Disponible","/fotos/anillos/anillo-8-petalos-plata-t5.jpg"
"Ref. AN-18","Anillos con esmeralda","Anillo 8 pétalos plata 925, talla 6","Esmeralda natural","-","-","-","Por consultar","Disponible","/fotos/anillos/anillo-8-petalos-plata-t6.jpg"
"Ref. AN-19","Anillos con esmeralda","Anillo 8 pétalos plata 925, talla 7","Esmeralda natural","-","-","-","Por consultar","Disponible","/fotos/anillos/anillo-8-petalos-plata-t7.jpg"
"Ref. AN-20","Anillos con esmeralda","Anillo 8 pétalos plata 925, talla 8","Esmeralda natural","-","-","-","Por consultar","Disponible","/fotos/anillos/anillo-8-petalos-plata-t8.jpg"
"Ref. AN-21","Anillos con esmeralda","Anillo Doble línea plata 925, talla 6","Esmeralda natural","-","-","-","Por consultar","Disponible","/fotos/anillos/anillo-doble-linea-plata-t6.jpg"
"Ref. AN-22","Anillos con esmeralda","Anillo Doble línea plata 925, talla 6,5","Esmeralda natural","-","-","-","Por consultar","Disponible","/fotos/anillos/anillo-doble-linea-plata-t6-5.jpg"
"Ref. AN-23","Anillos con esmeralda","Anillo Doble línea plata 925, talla 7","Esmeralda natural","-","-","-","Por consultar","Disponible","/fotos/anillos/anillo-doble-linea-plata-t7.jpg"
"Ref. AN-24","Anillos con esmeralda","Anillo Floral plata 925, talla 5,5","Esmeralda natural","-","-","-","Por consultar","Disponible","/fotos/anillos/anillo-floral-plata-t5-5.jpg"
"Ref. AN-25","Anillos con esmeralda","Anillo Floral plata 925, talla 6,5","Esmeralda natural","-","-","-","Por consultar","Disponible","/fotos/anillos/anillo-floral-plata-t6-5.jpg"
"Ref. AN-26","Anillos con esmeralda","Anillo Infinito plata 925, talla 6","Esmeralda natural","-","-","-","Por consultar","Disponible","/fotos/anillos/anillo-infinito-plata-t6.jpg"
"Ref. AN-27","Anillos con esmeralda","Anillo Coralina plata 925, talla 6","Esmeralda natural","-","-","-","Por consultar","Disponible","/fotos/anillos/anillo-coralina-plata-t6.jpg"
"Ref. AN-28","Anillos con esmeralda","Anillo Coralina plata 925, talla 7","Esmeralda natural","-","-","-","Por consultar","Disponible","/fotos/anillos/anillo-coralina-plata-t7.jpg"
"Ref. AN-29","Anillos con esmeralda","Anillo Flor 5 pétalos plata 925, talla 6","Esmeralda natural","-","-","-","Por consultar","Disponible","/fotos/anillos/anillo-flor-5-petalos-plata-t6.jpg"
"Ref. AN-30","Anillos con esmeralda","Anillo Flor tres pétalos plata 925, talla 6","Esmeralda natural","-","-","-","Por consultar","Disponible","/fotos/anillos/anillo-flor-tres-petalos-plata-t6.jpg"
"Ref. AN-31","Anillos con esmeralda","Anillo Corazón plata 925, talla 6,5","Esmeralda natural","-","-","-","Por consultar","Disponible","/fotos/anillos/anillo-corazon-plata-t6-5.jpg"
"Ref. AN-32","Anillos con esmeralda","Anillo Corazón plata 925, talla 7","Esmeralda natural","-","-","-","Por consultar","Disponible","/fotos/anillos/anillo-corazon-plata-t7.jpg"
"Ref. AN-33","Anillos con esmeralda","Anillo Gota plata 925, talla 7","Esmeralda natural","-","-","-","Por consultar","Disponible","/fotos/anillos/anillo-gota-plata-t7.jpg"
"Ref. AN-34","Anillos con esmeralda","Anillo Tailandés plata 925, talla 7","Esmeralda natural","-","-","-","Por consultar","Disponible","/fotos/anillos/anillo-tailandes-plata-t7.jpg"
"Ref. TOP-01","Topos con esmeralda","Topos Chispa 2 mm plata 925","Esmeralda natural","-","2","-","Por consultar","Disponible","/fotos/topos/topos-chispa-2mm-plata.jpg"
"Ref. TOP-02","Topos con esmeralda","Topos Unspoken 4 mm plata 925","Esmeralda natural","-","4","-","Por consultar","Disponible","/fotos/topos/topos-unspoken-4mm-plata.jpg"
"Ref. CAD-01","Cadenas","Cadena cajón 1,9 mm","Cajón","45","1.9","1.02","Por consultar","Disponible","/fotos/cadenas/cadena-cajon-1-9mm-45cm.jpg"
"Ref. CAD-02","Cadenas","Cadena lazo 1,2 mm","Lazo","45","1.2","1.37","Por consultar","Disponible","/fotos/cadenas/cadena-lazo-1-2mm-45cm.jpg"
"Ref. CAD-03","Cadenas","Cadena mini serpiente 0,8 mm","Serpiente","45","0.8","1.07","Por consultar","Disponible","/fotos/cadenas/cadena-mini-serpiente-0-8mm-45cm.jpg"
"Ref. CAD-04","Cadenas","Cadena mini crispeta 0,5 mm","Crispeta","45","0.5","0.31","Por consultar","Disponible","/fotos/cadenas/cadena-mini-crispeta-0-5mm-45cm.jpg"
"Ref. CAD-05","Cadenas","Cadena mini lazo 1,6 mm","Lazo","45","1.6","1.36","Por consultar","Disponible","/fotos/cadenas/cadena-mini-lazo-1-6mm-45cm.jpg"
"Ref. CAD-06","Cadenas","Cadena lazo 2,2 mm","Lazo","45","2.2","2.1","Por consultar","Disponible","/fotos/cadenas/cadena-lazo-2-2mm-45cm.jpg"
"Ref. CAD-07","Cadenas","Cadena lazo 2,7 mm","Lazo","45","2.7","3.95","Por consultar","Disponible","/fotos/cadenas/cadena-lazo-2-7mm-45cm.jpg"
"Ref. CAD-08","Cadenas","Cadena doble cubano 2,46 mm","Cubana","45","2.46","2.6","Por consultar","Disponible","/fotos/cadenas/cadena-doble-cubano-2-46mm-45cm.jpg"
"Ref. CAD-09","Cadenas","Cadena sedusa 1,7 mm","Sedusa","45","1.7","2.37","Por consultar","Disponible","/fotos/cadenas/cadena-sedusa-1-7mm-45cm.jpg"
"Ref. CAD-10","Cadenas","Cadena doble cubano 1,4 mm","Cubana","45","1.4","1.55","Por consultar","Disponible","/fotos/cadenas/cadena-doble-cubano-1-4mm-45cm.jpg"
"Ref. CDI-01","Cadenas con dije","Cadena mini franco con serpiente 1 mm","Franco","40-45","1","0.8","Por consultar","Disponible","/fotos/cadenas/cadena-mini-franco-con-serpiente-1mm-40-45cm.jpg"
"Ref. CDI-02","Cadenas con dije","Cadena mini rolón con corazones 1 mm","Rolón","45","1","1.08","Por consultar","Disponible","/fotos/cadenas/cadena-mini-rolon-con-corazones-1mm-45cm.jpg"
"Ref. CAD-11","Cadenas","Cadena mini rolón 1,8 mm","Rolón","45","1.8","1.25","Por consultar","Disponible","/fotos/cadenas/cadena-mini-rolon-1-8mm-45cm.jpg"
"Ref. CAD-12","Cadenas","Cadena china 1,6 mm","China","50","1.6","2.2","Por consultar","Disponible","/fotos/cadenas/cadena-china-1-6mm-50cm.jpg"
"Ref. CAD-13","Cadenas","Cadena singapur 1,4 mm","Singapur","50","1.4","1.03","Por consultar","Disponible","/fotos/cadenas/cadena-singapur-1-4mm-50cm.jpg"
"Ref. CAD-14","Cadenas","Cadena plana lisa 1,25 mm","Plana","45","1.25","1.4","Por consultar","Agotado","/fotos/cadenas/cadena-plana-lisa-1-25mm-45cm.jpg"
"Ref. CAD-15","Cadenas","Cadena mini serpiente 0,8 mm","Serpiente","50","0.8","1.17","Por consultar","Disponible","/fotos/cadenas/cadena-mini-serpiente-0-8mm-50cm.jpg"
"Ref. CDI-03","Cadenas con dije","Cadena mini rolón con bolas 1 mm","Rolón","45","1","1","Por consultar","Disponible","/fotos/cadenas/cadena-mini-rolon-con-bolas-1mm-45cm.jpg"
"Ref. CAD-16","Cadenas","Cadena lazo 2,7 mm","Lazo","50","2.7","4.45","Por consultar","Disponible","/fotos/cadenas/cadena-lazo-2-7mm-50cm.jpg"
"Ref. CAD-17","Cadenas","Cadena veneciana 1 mm","Veneciana","50","1","1.2","Por consultar","Agotado","/fotos/cadenas/cadena-veneciana-1mm-50cm.jpg"
"Ref. CAD-18","Cadenas","Cadena china 2,6 mm","China","60","2.6","3.65","Por consultar","Disponible","/fotos/cadenas/cadena-china-2-6mm-60cm.jpg"
"Ref. CAD-19","Cadenas","Cadena mini franco 0,9 mm","Franco","60","0.9","0.75","Por consultar","Disponible","/fotos/cadenas/cadena-mini-franco-0-9mm-60cm.jpg"
"Ref. CAD-20","Cadenas","Cadena mini lazo 1,1 mm","Lazo","60","1.1","1.1","Por consultar","Disponible","/fotos/cadenas/cadena-mini-lazo-1-1mm-60cm.jpg"
"Ref. CAD-21","Cadenas","Cadena china 2,4 mm","China","60","2.4","4.23","Por consultar","Disponible","/fotos/cadenas/cadena-china-2-4mm-60cm.jpg"
"Ref. CAD-22","Cadenas","Cadena franco 1,9 mm","Franco","60","1.9","6.65","Por consultar","Disponible","/fotos/cadenas/cadena-franco-1-9mm-60cm.jpg"
"Ref. CAD-23","Cadenas","Cadena lazo 2,4 mm","Lazo","60","2.4","3.28","Por consultar","Disponible","/fotos/cadenas/cadena-lazo-2-4mm-60cm.jpg"
"Ref. CAD-24","Cadenas","Cadena singapur 1,4 mm","Singapur","45","1.4","0.95","Por consultar","Disponible","/fotos/cadenas/cadena-singapur-1-4mm-45cm.jpg"
"Ref. CAD-25","Cadenas","Cadena lazo 3,1 mm","Lazo","60","3.1","8.3","Por consultar","Disponible","/fotos/cadenas/cadena-lazo-3-1mm-60cm.jpg"
"Ref. CDI-04","Cadenas con dije","Cadena mini rolón con tréboles 1 mm","Rolón","40-45","1","0.9","Por consultar","Disponible","/fotos/cadenas/cadena-mini-rolon-con-treboles-1mm-40-45cm.jpg"
"Ref. CAD-26","Cadenas","Cadena cubana martillada 2,7 mm","Cubana","45","2.7","2.38","Por consultar","Disponible","/fotos/cadenas/cadena-cubana-martillada-2-7mm-45cm.jpg"
"Ref. CDI-05","Cadenas con dije","Cadena mini franco con corazón","Franco","40-45","-","1.07","Por consultar","Disponible","/fotos/cadenas/cadena-mini-franco-con-corazon-40-45cm.jpg"
"Ref. CDI-06","Cadenas con dije","Cadena mini franco con corazones abrazados","Franco","40-45","-","1.02","Por consultar","Disponible","/fotos/cadenas/cadena-mini-franco-con-corazones-abrazados-40-45cm.jpg"
"Ref. CAD-27","Cadenas","Cadena fígaro 3x1 1,6 mm","Fígaro","45","1.6","1.6","Por consultar","Disponible","/fotos/cadenas/cadena-figaro-3x1-1-6mm-45cm.jpg"
"Ref. CDI-07","Cadenas con dije","Cadena mini franco con tréboles abrazados","Franco","42-45","-","1.12","Por consultar","Disponible","/fotos/cadenas/cadena-mini-franco-con-treboles-abrazados-42-45cm.jpg"
"Ref. CAD-28","Cadenas","Cadena fígaro 3x1 3,3 mm","Fígaro","70","3.3","7.28","Por consultar","Disponible","/fotos/cadenas/cadena-figaro-3x1-3-3mm-70cm.jpg"
"Ref. CAD-29","Cadenas","Cadena cubana martillada 2,5 mm","Cubana","60","2.5","3.03","Por consultar","Disponible","/fotos/cadenas/cadena-cubana-martillada-2-5mm-60cm.jpg"
"Ref. CAD-30","Cadenas","Cadena lazo 3,72 mm","Lazo","60","3.72","10.7","Por consultar","Disponible","/fotos/cadenas/cadena-lazo-3-72mm-60cm.jpg"
"Ref. CAD-31","Cadenas","Cadena cubana martillada 2,7 mm","Cubana","60","2.7","3.16","Por consultar","Disponible","/fotos/cadenas/cadena-cubana-martillada-2-7mm-60cm.jpg"
"Ref. CAD-32","Cadenas","Cadena franco 1,6 mm","Franco","60","1.6","4.35","Por consultar","Disponible","/fotos/cadenas/cadena-franco-1-6mm-60cm.jpg"